<options>
    <Graphics>
        <input name="crowdlod" title="Crowd LOD" description="A higher value reduces the crowd LOD closer to the camera" default="10000" type="integer"  />
        <boolean name="puckshadow" title="Puck Shadow" description="Toggle rendering the puck shadow" default="1"></boolean>
        <input name="puckshadowsize" title="Puck Shadow Size" description="The size of the puck shadow" default="50.00" type="number"  />
        <boolean name="playershadows" title="Player Shadows" description="Toggle rendering player shadows" default="1"></boolean>
        <input name="playershadowoffset" title="Player Shadow Offset" description="The offset of the player shadows" default="0.1" type="number" />
        <color bits="32" name="playershadowcolor" title="Player Shadow Color" description="The color of the player shadows" default="rgba(0,0,77,0.25)" />
        <boolean name="playerreflections" title="Player Reflections" description="Toggle rendering of player reflections" default="1"></boolean>
    </Graphics>
    <Physics>
        <input name="puckgravity" title="Puck Gravity" description = "The gravity of the puck" default="2.5" type="number" />
        <input name="puckelasticity" title="Puck Elasticity" description = "The elasticity (bounciness) of the puck" default="0.25" type="number" />
        <input name="playerspeedmulti" title="Player Speed Multiplier" description = "Overall player speed multiplier" default="0.62" type="number" />
        <input name="homeplayerspeedmulti" title="Home Player Speed Multiplier" description = "Player speed multiplier for the home team" default="1.0" type="number" />
        <input name="awayplayerspeedmulti" title="Away Player Speed Multiplier" description = "Player speed multiplier for the away team" default="1.0" type="number" />
        <input name="playerbasespeed" title="Player Base Speed" description = "Base player speed modifier" default="40.0" type="number" />
        <input name="playerupperspeed" title="Player Upper Speed" description = "This value is added to the base player speed" default="20.0" type="number" />
        <input name="basepassspeed" title="Base Pass Speed" description = "Base pass speed modifier" default="92.00" type="number" />
        <input name="upperpassspeed" title="Upper Pass Speed" description = "This value is added to the base pass speed" default="75.00" type="number" />
        <input name="saucerpassspeedmulti" title="Saucer Pass Speed Multiplier" description = "Speed multiplier for saucer pass" default="0.8" type="number" />
        <input name="goaliepassspeedmulti" title="Goalie Pass Speed Multiplier" description = "Speed multiplier for goalie pass" default="0.95" type="number" />
        <input name="playerspeedenergymulti" title="Player Speed Energy Multiplyer" description = "The value that the player's energy is multiplied with to help determine speed" default="0.000244140625" type="number" />
    </Physics>
    <Arena>
        <input name="icelength" title="Ice Length" description = "The length of the (ice in game units)" default="4800.00" type="number" />
        <input name="icewidth" title="Ice Width" description = "The width of the ice (in game units)" default="2040.00" type="number" />
        <input name="bluelineposition" title="Blue Line Position" description = "Position of the blue line" default="1316.00" type="number" />
        <input name="goallineposition" title="Goal Line Position" description = "Position of the goal line" default="4176.00" type="number" />
    </Arena>
</options>