<?xml version="1.0" encoding="UTF-8" standalone="no" ?>
<!--
    This program is free software: you can redistribute it and/or modify
    it under the terms of the GNU General Public License as published by
    the Free Software Foundation, either version 3 of the License, or
    (at your option) any later version.

    This program is distributed in the hope that it will be useful,
    but WITHOUT ANY WARRANTY; without even the implied warranty of
    MERCHANTABILITY or FITNESS FOR A PARTICULAR PURPOSE.  See the
    GNU General Public License for more details.

    You should have received a copy of the GNU General Public License
    along with this program.  If not, see <http://www.gnu.org/licenses/>.
-->
<options>
    <Sound>
        <boolean name="enableditties" title="Ditty Engine" description="Toggle the new ditty engine" default="1"></boolean>        
		<boolean name="dittiesreverb" title="Reverb" description="Toggle the reverb effect" default="1"></boolean>        
        <boolean name="preloadditties" title="Preload dities" description="Enumerate list of ditties during loading" default="1"></boolean>        
        <boolean name="aremamusicslider" title="Arenic Music Slider" description="Use music slider for arena music volume" default="1"></boolean>
        <boolean name="menumusicslider" title="Menu Music Slider" description="Use music slider for menu music volume" default="1"></boolean>
        <boolean name="interfacemusicslider" title="Interface Menu Slider" description="Use music slider for interface music volume" default="1"></boolean>
        <boolean name="menumusicinreplay" title="Play Menu Music In Replay" description="Whether or not to play menu music in replay mode" default="0"></boolean>
        <input name="dittyfadeouttime" title="Fade out time" description="Time in milliseconds for arena music fade out" default="1000" type="number" />
    </Sound>
</options>