<options>
    <Clock>
        <input name="timer" type="number"  title="Game Time" description="Period time in minutes. 0 = use slider" default="0" />
        <input name="penaltytimer" type="number"  title="Penalty Time" description="Period time in minutes during penalties. 0 = No Change, Default 20" default="20"/>
        <input name="ottimer" type="number" title="OT Time" description="Period time in minutes during OT. 0 = No Change, Default 20" default="20" />
        <input name="lastmintimer" type="number" title="Last Minute Time" description="Period time in minutes during the last minute of play of third period and OT. 0 = No Change, Default 28" default="28" />
        <input name="clockdisplaytime" title="Clock Display Time" description = "Time in game seconds to display the gameclock" default="45" />
        <input name="clockhidetime" title="Clock Hide Time" description = "Time in game seconds between displaying the game clock" default="120" />
        <input name="clockdisplaypowerplay" title="Clock Powerplay Display" description = "Show gameclock if powerplay seconds is less than this value" default="45"/>
        <input name="minpuckdroptime" title="Minimum Puck Drop Time" description = "The minimum amount of time to wait for puck drop (Maximum is 127)" default="96"/>
        <input name="maxpuckdroptime" title="Maximum Puck Drop Time" description = "The maximum amount of time to wait for puck drop (Maximum is 127)" default="96"/>
        
    </Clock>
</options>