<?xml version="1.0" encoding="UTF-8" standalone="no" ?>
<!--
    This program is free software: you can redistribute it and/or modify
    it under the terms of the GNU General Public License as published by
    the Free Software Foundation, either version 3 of the License, or
    (at your option) any later version.

    This program is distributed in the hope that it will be useful,
    but WITHOUT ANY WARRANTY; without even the implied warranty of
    MERCHANTABILITY or FITNESS FOR A PARTICULAR PURPOSE.  See the
    GNU General Public License for more details.

    You should have received a copy of the GNU General Public License
    along with this program.  If not, see <http://www.gnu.org/licenses/>.
-->
<options>
	<In-Game-Tweaks>
		<boolean name="onlineplay" title="Play Online?" description="Are you playing the game online against an Internet opponent? ----  (* Things listed with an asterisk below can be configured for online play -- everything else defaults to No when online)" default="0"></boolean>
		<boolean name="acceltweak" title="Player Acceleration Tweak?" description="Set to No to disable the tweak for Player Acceleration" default="1"></boolean>
		<boolean name="accuracytweak" title="Shot Accuracy Tweak?" description="Set to No to disable the tweak for Shot Accuracy" default="1"></boolean>
		<boolean name="aggressiontweak" title="Player Aggression Tweak?" description="Set to No to disable the tweak for Player Aggression" default="1"></boolean>
		<boolean name="agilitytweak" title="Player Agility Tweak?" description="Set to No to disable the tweak for Player Agility" default="1"></boolean>
		<boolean name="balancetweak" title="Player Balance Tweak?" description="Set to No to disable the tweak for Player Balance" default="1"></boolean>
		<boolean name="checkingtweak" title="Checking Tweak?" description="Set to No to disable the tweak for Checking (needs to be Yes if setting Big Hits to Yes below)" default="1"></boolean>
		<boolean name="dekingtweak" title="Dek Tweak?" description="Set to No to disable the tweak for Deking" default="1"></boolean>
		<boolean name="endurancetweak" title="Player Endurance Tweak?" description="Set to No to disable the tweak for Player Endurance" default="1"></boolean>
		<boolean name="passingtweak" title="Passing Tweak?" description="Set to No to disable the tweak for Passing" default="1"></boolean>
		<boolean name="penaltytweak" title="Penalty Tweak?" description="Set to No to disable the tweak for the player's ability to resist penalties" default="1"></boolean>
		<boolean name="playerspeedtweak" title="Player Speed Tweak?" description="Set to No to disable the tweak for Player Speed" default="1"></boolean>
		<boolean name="powerplaytweak" title="Power Play Tweak?" description="Set to No to disable the passing boost associated with the players on Power Play lines (IMPORTANT: The Passing Tweak listed above must also be Yes for this to be enabled)" default="1"></boolean>
		<boolean name="powertweak" title="Shot Power Tweak?" description="Set to No to disable the tweak for Shot Power" default="1"></boolean>
		<boolean name="puckcontroltweak" title="Puck Control Tweak?" description="Set to No to disable the tweak for Puck Control" default="1"></boolean>
		<boolean name="toughnesstweak" title="Player Toughness Tweak?" description="Set to No to disable the tweak for Player Toughness" default="1"></boolean>
		<boolean name="shootouttweaks" title="Shootout Tweaks?" description="Set to No to disable tweaks to the shooter and goaltender resulting in more varied Shootout results" default="1"></boolean>
		<boolean name="goalieinjuries" title="Goalie Injuries?" description="Set to No to disable the simulation of a goaltender injury (occurs very rarely)" default="1"></boolean>
		<boolean name="goaliediagnosis" title="Goalie Diagnosis?" description="Set to No to disable the script from generating a diagnosis for a goaltender injury" default="1"></boolean>
		<boolean name="goalieinjurylikely" title="Goalie Injury Likely?" description="Set to Yes to drastically increase the chance of the simulation of a goaltender injury (will probably happen next game)" default="0"></boolean>
		<boolean name="threeonthreeot" title="Hybrid 3-on-3 OT? *" description="Set to Yes for hybrid 3-on-3 in Overtime (NOTE: THIS ONLY WORKS WITH THE 'SINGLE OT (4-ON-4)' TIE-BREAK OPTION) (SET TO NO DURING PLAYOFFS)" default="0"></boolean>
		<boolean name="soafterot" title="Shootout After 3-on-3 OT? *" description="Set to Yes if you have Hybrid 3-on-3 OT set to Yes and want a shootout after the overtime period if still tied" default="0"></boolean>
		<boolean name="additionalpenalties" title="Additional Penalties?" description="Set to No to disable all scrpited penalties (NOTE: Setting this to No will negate all Yes values related to penalties)" default="1"></boolean>
		<boolean name="doubleminorpenalties" title="Double Minor Penalties?" description="Set to No to disable the chance of a Double Minor penalty for High Sticking" default="1"></boolean>
		<boolean name="majorpenalties" title="Major Penalties?" description="Set to No to disable the chance of a Major penalty for Checking From Behind" default="1"></boolean>
		<boolean name="misconductpenalties" title="Misconduct Penalties?" description="Set to No to disable chances at receiving Game Misconduct penalties" default="1"></boolean>
		<boolean name="coincidentalminors" title="Coincidental Minor Penalties?" description="Set to No to disable the chance of hybrid coincidental minor penalties" default="1"></boolean>
		<boolean name="delaypenalty" title="Delay of Game Penalty?" description="Set to No to disable the chance of a 'Delay of Game' penalty for shooting the puck out of play from within the defensive zone" default="1"></boolean>
		<boolean name="icingpenalty" title="Icing Penalty? *" description="Set to Yes to enable the chance of a 'Delay of Game' penalty for multiple successive icings by the same team (leave this No if planning to use the 'Icing Line Management' option below)" default="0"></boolean>
		<boolean name="instigatorpenalty" title="Instigator Penalty?" description="Set to No to disable the chance of an instigator penalty when a fight occurs" default="1"></boolean>
		<boolean name="long5on3" title="Long 5-on-3?" description="Set to No to disable the chance of back-to-back minors to the same team resulting in almost two minutes of 5-on-3" default="1"></boolean>
		<boolean name="officialabusepenalty" title="Official Abuse Penalty?" description="Set to No to disable the chance of a player receiving an end-of-period penalty for verbally abusing an official" default="1"></boolean>
		<boolean name="pregamepenalty" title="Pre-Game Misconduct Penalty?" description="Set to No to disable the chance of a player receiving a Game Misconduct for attempting to injure someone during the pre-game warm-up" default="1"></boolean>
		<boolean name="roughingpenalty" title="Roughing Penalty?" description="Set to No to disable the chance of additional roughing calls relating to big hits (must be Yes for Double Minors and Majors to work)" default="1"></boolean>
		<boolean name="balancedfaceoffs" title="Balanced Face-Offs? *" description="Set to No to stop the script from making attempts to balance the faceoff win percentages" default="1"></boolean>
		<boolean name="bighits" title="Big Hits?" description="Set to No to disable the charged up checking tweak (doing so will reduce chance of an in-game injury)" default="1"></boolean>
		<boolean name="deterioratingice" title="Deteriorating Ice? *" description="Set to No to stop the bouncing puck/slowing ice effects due to changing ice conditions as the period progresses" default="1"></boolean>
		<boolean name="falsestarts" title="False Starts?" description="Set to No to disable chance of a false start on a face-off (Random Puck Drops below must also be set to Yes for a false start to occur)" default="1"></boolean>
		<boolean name="gameflow" title="Game Flow System?" description="Set to No to stop the goaltenders from passing more if there have been an excessive number of faceoffs to that point in the game" default="1"></boolean>
		<boolean name="icinglinemanagement" title="Icing Line Management System? *" description="Set to No to stop the script from forcing the line that iced the puck back onto the ice
	-- IMPORTANT: Make sure the 'Icing Penalty' above is set to No if you are planning to use this system" default="1"></boolean>
		<boolean name="pregamegoalies" title="Penalize Goalies Pre-Game?" description="Set to Yes if you want goaltenders to be eligible to be placed in the box for a pre-game penalty" default="0"></boolean>
		<boolean name="randompuckdrops" title="Random Puck Drops?" description="Set to No to disable the referee dropping the puck at random time intervals (required if False Starts listed above is set to Yes)" default="1"></boolean>
		<boolean name="referrors" title="Referee Errors?" description="Set to No to disable the chance of the referee stopping play in error" default="1"></boolean>
		<boolean name="shotflow" title="Shot Flow System? *" description="Set to No to stop the game from forcing missed shots when the total shots on goal is getting too high" default="1"></boolean>
		<boolean name="slowingpassspeed" title="Slowing Pass Speed?" description="Set to No to disable the speed of passes slowing down as the ice deteriorates" default="1"></boolean>
		<boolean name="strangebounces" title="Strange Bounces?" description="Set to No to disable the chance of a strange bounce off the boards" default="1"></boolean>
		<boolean name="wildshot" title="Wild Shots?" description="Set to No to disable the chance of a player's shot missing the net entirely" default="1"></boolean>
		<boolean name="realtime" title="Play in Real Time?" description="Set to Yes to have the clock tick in real time" default="0"></boolean>
		<boolean name="rtime3rd" title="Start Real Time in 3rd Period?" description="Set to Yes to have the clock tick in real time, but playing a 1-period game (Play in Real Time on previous option must also be Yes)" default="0"></boolean>
        <input name="clearingdelays" title="Clearing Delays?" description = "Increase or decrease for more or less possible 'Delay of Game' penalties for the defense clearing the puck out of play (Delay of Game penalty above must be set to Yes) (0 = Unlimited)" default="2" type="integer"/>
        <input name="faceoffsperminute" title="Face-Offs Per Minute?" description = "Increase or decrease for more or less total faceoffs per game (Default of 0.88 per minute equates to an average of 50 to 60 faceoffs per game) (Game Flow above must be Yes)" default="0.88" type="number"/>
        <input name="shotsperminute" title="Shots Per Minute?" description = "Increase or decrease for more or less shots on goal (Default of 1.05 per minute equates to an average of between 60 and 70 total shots per game) (Shot Flow above must be Yes)" default="1.05" type="number"/>
        <input name="injurychance" title="Injury Chance?" description = "Set to 0 to disable, 1 for a random chance (DO NOT USE 1 IF ONLINE), 2 for a higher chance (set Big Hits above to Yes for even more of a chance)" default="1" type="integer"/>
        <input name="quickcover" title="How Quick for Goalie Puck Covers?" description = "Set to 0 for default NHL 2004 cover speed, 1 to have the goaltender cover moderately quickly, 2 for very quickly (APPLIES TO BOTH ONLINE AND OFFLINE MODES)" default="1" type="integer"/>
    </In-Game-Tweaks>
</options>