<?xml version="1.0" encoding="UTF-8" standalone="no" ?>
<!--
    This program is free software: you can redistribute it and/or modify
    it under the terms of the GNU General Public License as published by
    the Free Software Foundation, either version 3 of the License, or
    (at your option) any later version.

    This program is distributed in the hope that it will be useful,
    but WITHOUT ANY WARRANTY; without even the implied warranty of
    MERCHANTABILITY or FITNESS FOR A PARTICULAR PURPOSE.  See the
    GNU General Public License for more details.

    You should have received a copy of the GNU General Public License
    along with this program.  If not, see <http://www.gnu.org/licenses/>.
-->


<options>
	<XInput>
		<list name="xinputmode" title="Mapping Mode" description="The input mapping mode for XBox 360 controllers" default="0">
			<listitem value="1">Emulate Logitch Dual Action</listitem>
		</list>
		<boolean name="xinputdisplaybattery" title="Display Battery" description = "Whether or not to display the battery meter on the pause screen" default="1"></boolean>
		<boolean name="xinputrumbleshoot" title="Shoot Rumble" description = "Whether or not to rumble when shooting" default="1"></boolean>
		<input name="xinputrumbleduration" title="Rumble Duration" description = "Time in MS to rumble the controller" default="250" type="integer"></input>
    </XInput>
</options>
