<mod>
    <name>Reload Assets</name>
    <shortdescription>Reload all assets, including scripts using CTRL + ALT + R.</shortdescription>
    <description>This releases all assets and scripts and then reloads all scripts and executes the global scope. After all scripts have been loaded, it calls the "Reloaded" callback. This is where you can reload everything. 
    It's best practice to have a single function that loads all assets that is called by both the "DeviceCreated" callback and "Reloaded" callback.
    </description>
    <creator>Vod</creator>
    <id>reload</id>
    <version>1</version>
    <dependency>launcherlibs</dependency>
    <dependency>launchersystem</dependency>
</mod>