<?xml version="1.0" encoding="UTF-8" standalone="no" ?>
<!--
    This program is free software: you can redistribute it and/or modify
    it under the terms of the GNU General Public License as published by
    the Free Software Foundation, either version 3 of the License, or
    (at your option) any later version.

    This program is distributed in the hope that it will be useful,
    but WITHOUT ANY WARRANTY; without even the implied warranty of
    MERCHANTABILITY or FITNESS FOR A PARTICULAR PURPOSE.  See the
    GNU General Public License for more details.

    You should have received a copy of the GNU General Public License
    along with this program.  If not, see <http://www.gnu.org/licenses/>.
-->


<options>
	<ignore>
		
	</ignore>
	<CPNetworks>
		<list name="networkoverride" title="Network" description="Choose a Network" default="2">
			<listitem value="1">CBC</listitem>
			<listitem value="2">TSN</listitem>
			<listitem value="3">Sportsnet</listitem>
		</list>
	</CPNetworks>

</options>
